iteration,train_aucpr,val_aucpr,gap
0,0.5754552259589446,0.6564692510249616,-0.08101402506601696
1,0.6499225960175998,0.7083907025555061,-0.05846810653790624
2,0.6678624526631245,0.7217623083628271,-0.05389985569970257
3,0.6889392904556271,0.7392204752969435,-0.050281184841316384
4,0.7026069204350766,0.7485148192928075,-0.045907898857730944
5,0.7061618931690979,0.7483994222835241,-0.04223752911442613
6,0.7033971989822285,0.7425846184173661,-0.039187419435137594
7,0.7059133196096562,0.7437890226667415,-0.03787570305708532
8,0.7095627908374733,0.746727404181595,-0.03716461334412169
9,0.711828857831378,0.7483713887050759,-0.036542530873697965
10,0.712520540525081,0.7512821894563217,-0.03876164893124079
11,0.7132023703638909,0.7512134046801534,-0.038011034316262515
12,0.7126248052017996,0.7494442038016339,-0.036819398599834297
13,0.711883728898348,0.7500132001371226,-0.03812947123877464
14,0.713210666870775,0.7524288012302289,-0.03921813435945398
15,0.7134359937264555,0.7525729965449306,-0.0391370028184751
16,0.7140143582185783,0.7536646984678818,-0.03965034024930347
17,0.7161346194918807,0.7559644934762229,-0.03982987398434212
18,0.7163151677053069,0.7556016101872463,-0.039286442481939354
19,0.719051492123265,0.7595260059447007,-0.04047451382143563
20,0.7216527167922603,0.7620403636664846,-0.04038764687422436
21,0.7212026624932801,0.7637815666962963,-0.04257890420301613
22,0.7219908191722703,0.7642179946321124,-0.042227175459842115
23,0.7225201588872822,0.7630419259283883,-0.040521767041106105
24,0.7262489774479358,0.7631834800389137,-0.03693450259097786
25,0.7260101531236955,0.7631348056193568,-0.037124652495661215
26,0.7268509891732607,0.7634040801981484,-0.036553091024887685
27,0.7272706574063831,0.7649785611558535,-0.03770790374947042
28,0.7262812940875744,0.7646844942820895,-0.03840320019451515
29,0.7271540522739982,0.7641378670790311,-0.03698381480503288
30,0.7273281569332981,0.7649810772446287,-0.03765292031133061
31,0.726783990728364,0.7639130375070091,-0.03712904677864515
32,0.7273227584477666,0.7644568795326852,-0.03713412108491854
33,0.7277791091925755,0.7641906601065848,-0.03641155091400927
34,0.7272389972864801,0.7639077286671383,-0.03666873138065818
35,0.7298649971584349,0.765616448031889,-0.035751450873454105
36,0.730306696952985,0.7664861265177713,-0.03617942956478626
37,0.7304736174750573,0.766821397252738,-0.03634777977768067
38,0.7308377499220077,0.7677906277957702,-0.03695287787376256
39,0.7309521133428896,0.7670621110382034,-0.03610999769531387
40,0.7317482312831692,0.7679108464587132,-0.03616261517554398
41,0.7323826782835837,0.7680314692628775,-0.03564879097929374
42,0.7324827080762631,0.7677319221616505,-0.03524921408538739
43,0.7321334694700309,0.7671726465246932,-0.03503917705466231
44,0.7334838764455802,0.7688732912458649,-0.03538941480028468
45,0.7334539700390061,0.7683837835336388,-0.034929813494632644
46,0.7335090396087446,0.7695169628044555,-0.03600792319571089
47,0.7338026721788092,0.7701473952375338,-0.036344723058724604
48,0.7340990703971132,0.769984752816377,-0.03588568241926382
49,0.7352289929811514,0.7709687196997163,-0.035739726718564846
50,0.736539553053507,0.7715017935027877,-0.034962240449280646
51,0.7372959232341673,0.7720169690262119,-0.0347210457920446
52,0.7381783015484762,0.7725967733985226,-0.03441847185004643
53,0.7395456787693023,0.7740180301075681,-0.03447235133826576
54,0.7413131977421228,0.7748307313108297,-0.0335175335687069
55,0.7416184243449178,0.7750606977727682,-0.033442273427850444
56,0.7426226226850057,0.7757587353209832,-0.03313611263597749
57,0.7430259401000275,0.7754620946435248,-0.03243615454349724
58,0.7430978040207563,0.775185037189275,-0.03208723316851869
59,0.7433501502256771,0.7753498831588119,-0.03199973293313485
60,0.7438916298738653,0.7758513232031683,-0.03195969332930304
61,0.7437512181672769,0.7757304219426234,-0.031979203775346576
62,0.7436898297148585,0.7758055912740426,-0.03211576155918405
63,0.7439373327392033,0.7759686784177491,-0.03203134567854582
64,0.7443570084528522,0.7757815464027751,-0.03142453794992284
65,0.7449122374826216,0.7765981491122894,-0.03168591162966783
66,0.7455491965118666,0.7771586482239521,-0.03160945171208551
67,0.7457134672193416,0.7776019453454089,-0.03188847812606732
68,0.7461112568473344,0.7769975048701601,-0.03088624802282569
69,0.7484970768866778,0.7775024300782661,-0.029005353191588368
70,0.7483129831737099,0.7769354599937165,-0.028622476820006626
71,0.7480829033209221,0.7767865490077273,-0.028703645686805168
72,0.7492809787562988,0.7767489998352366,-0.027468021078937754
73,0.7495588267308113,0.7766063371278976,-0.027047510397086305
74,0.74987184643203,0.776474423017368,-0.026602576585338045
75,0.7498715049600914,0.7765869326970806,-0.026715427736989206
76,0.7504774806913178,0.7768196200766196,-0.026342139385301833
77,0.7506709003926448,0.776613140837979,-0.02594224044533422
78,0.7509583845001965,0.7764529954928191,-0.025494610992622624
79,0.751539465816363,0.7764947276727656,-0.024955261856402622
80,0.7518531729500294,0.7773417932163371,-0.025488620266307715
81,0.753048010895323,0.7776403220728114,-0.02459231117748839
82,0.7531190355936458,0.7779671225620417,-0.02484808696839591
83,0.7536556174306924,0.7774991443608915,-0.023843526930199088
84,0.7539374653642112,0.7777676277762293,-0.023830162412018074
85,0.7546864441968014,0.7778682593039701,-0.023181815107168657
86,0.7546976155167993,0.7777103093290787,-0.02301269381227944
87,0.7549104058029691,0.7774328582178307,-0.022522452414861616
88,0.7548459161567628,0.7775415097685358,-0.02269559361177298
89,0.7552370773481175,0.7775570446034816,-0.022319967255364115
90,0.7554785318408094,0.7776101137572607,-0.02213158191645137
91,0.7557435544592808,0.7776603790289667,-0.02191682456968591
92,0.75613752752237,0.7779709401850573,-0.021833412662687346
93,0.7561152049430943,0.7775890974299927,-0.02147389248689846
94,0.7563413458208247,0.7775493600879207,-0.021208014267096065
95,0.7568244842228382,0.7772607961567147,-0.020436311933876516
96,0.7573935576882406,0.7768054520779034,-0.019411894389662843
97,0.7576560127612983,0.7769178768953227,-0.01926186413402431
98,0.7582682922039076,0.776775751828212,-0.018507459624304445
99,0.758361241803356,0.7765999829110178,-0.018238741107661882
100,0.7589324612563865,0.7765643252505733,-0.017631863994186814
101,0.7591782438966467,0.7767768148854245,-0.017598570988777817
102,0.7601656005188848,0.77689987810272,-0.016734277583835167
103,0.7606586399571873,0.776856703040577,-0.01619806308338967
104,0.760727716016193,0.7769944676284392,-0.01626675161224611
105,0.7607676236117187,0.7768704323423413,-0.016102808730622642
106,0.7611065276817941,0.7769095886000033,-0.015803060918209155
107,0.7615648912764648,0.7768098487742687,-0.015244957497803968
108,0.7617353142925067,0.7769470314245456,-0.015211717132038838
109,0.7621617443702136,0.7766579988415746,-0.014496254471361048
110,0.7624994179120214,0.7762400478703594,-0.013740629958338024
111,0.7628761516182031,0.7762285825998344,-0.013352430981631302
112,0.7632161866015796,0.7762222313456275,-0.013006044744047873
113,0.7630863940773522,0.7763678759516895,-0.013281481874337309
114,0.763320388240871,0.7765682751827496,-0.013247886941878617
115,0.7638518869015397,0.7761667804948124,-0.012314893593272647
116,0.7640957474433991,0.7759189870363483,-0.011823239592949175
117,0.7650122960862954,0.7761911524450636,-0.011178856358768252
118,0.7654463328487503,0.7763835381409226,-0.010937205292172347
119,0.7658130978905926,0.77647533465774,-0.010662236767147393
120,0.7660661145878622,0.7763462447758989,-0.01028013018803664
121,0.7659973545734031,0.7767556752397277,-0.010758320666324539
122,0.7661014749397895,0.7765823512771073,-0.010480876337317757
